{"cameraMode":{"drawMode":0,"name":"Shaded","section":"Shading Mode"},"sceneLighting":false,"audioPlay":false,"sceneViewState":{"showFog":true,"showMaterialUpdate":false,"showSkybox":true,"showFlares":true,"showImageEffects":true,"showParticleSystems":true},"in2DMode":false,"pivot":{"x":16.28432273864746,"y":15.906716346740723,"z":12.297652244567871},"rotation":{"x":-0.06407341361045838,"y":-0.24391576647758485,"z":0.015688052400946618,"w":-0.9677127003669739},"size":22.0,"orthographic":false}